review_id,customer_id,review_date,review_text
1,74,,
2,2,2023-10-16,"Terrible service, will not buy from here again."
3,44,2023-12-08,"Average quality, you get what you pay for."
4,6,2024-06-08,"Great product, very satisfied with the quality and performance."
5,46,2024-07-30,"Very disappointed with the product, not as described."
6,43,2023-11-16,"Excellent service, highly recommend!"
7,18,2023-10-20,The item arrived damaged and customer service was unhelpful.
8,8,2024-03-09,Fast delivery and the product works perfectly!
9,57,2023-12-19,The item arrived damaged and customer service was unhelpful.
10,65,2024-01-13,"The service was acceptable, but could be improved."
11,66,2024-05-10,"Decent product, but there are better options available."
12,18,2024-06-28,"The service was acceptable, but could be improved."
13,64,2023-12-27,"Great product, very satisfied with the quality and performance."
14,35,2024-04-13,"Poor quality, would not recommend."
15,96,2023-10-01,Fast delivery and the product works perfectly!
16,65,2024-04-27,"The product works fine, but took a long time to arrive."
17,67,2024-04-21,"The product broke after one use, very unhappy."
18,73,2024-03-12,"The service was acceptable, but could be improved."
19,11,2024-01-01,"Excellent service, highly recommend!"
20,50,2024-07-21,"Great product, very satisfied with the quality and performance."
21,75,2023-10-23,"Excellent service, highly recommend!"
22,81,2023-09-14,The item arrived damaged and customer service was unhelpful.
23,9,2024-02-07,The item arrived damaged and customer service was unhelpful.
24,37,2024-01-03,"Great product, very satisfied with the quality and performance."
25,31,2024-02-21,Fast delivery and the product works perfectly!
26,47,2024-01-22,"The product broke after one use, very unhappy."
27,60,2023-09-09,Fast delivery and the product works perfectly!
28,98,2024-03-04,Fast delivery and the product works perfectly!
29,63,2024-04-14,"Amazing quality, will definitely buy again."
30,35,2024-02-25,"Average quality, you get what you pay for."
31,62,2023-09-16,"Very disappointed with the product, not as described."
32,55,2023-08-14,"Amazing quality, will definitely buy again."
33,81,2024-06-06,"Decent product, but there are better options available."
34,72,2023-11-10,"The service was acceptable, but could be improved."
35,43,2023-12-11,The item arrived damaged and customer service was unhelpful.
36,67,2024-07-06,"Great product, very satisfied with the quality and performance."
37,42,2023-08-24,"Poor quality, would not recommend."
38,19,2023-11-30,"Decent product, but there are better options available."
39,77,2024-04-18,"The service was acceptable, but could be improved."
40,80,2024-07-07,"The product broke after one use, very unhappy."
41,41,2023-11-27,"The service was acceptable, but could be improved."
42,11,2024-03-09,"Poor quality, would not recommend."
43,55,2023-08-23,"Average quality, you get what you pay for."
44,16,2024-07-11,"The service was acceptable, but could be improved."
45,57,2024-06-21,"Excellent service, highly recommend!"
46,92,2024-05-14,"Poor quality, would not recommend."
47,31,2024-06-08,The item arrived damaged and customer service was unhelpful.
48,22,2024-07-27,"Great product, very satisfied with the quality and performance."
49,58,2024-06-08,"Amazing quality, will definitely buy again."
50,78,2024-07-17,"The service was acceptable, but could be improved."
51,76,,
52,52,2024-03-30,"Decent product, but there are better options available."
53,68,2024-04-27,"The service was acceptable, but could be improved."
54,90,2023-11-21,"The product works fine, but took a long time to arrive."
55,66,2024-06-23,Fast delivery and the product works perfectly!
56,71,2024-06-16,"Average quality, you get what you pay for."
57,96,2024-02-14,"Decent product, but there are better options available."
58,85,2024-07-25,"The product works fine, but took a long time to arrive."
59,74,2023-11-29,"The product is okay, nothing special."
60,49,2024-03-14,"The service was acceptable, but could be improved."
61,17,2024-01-14,"The service was acceptable, but could be improved."
62,43,2024-06-27,"Terrible service, will not buy from here again."
63,15,2024-04-27,"The product works fine, but took a long time to arrive."
64,65,2023-11-23,"Great product, very satisfied with the quality and performance."
65,98,2023-12-25,"The service was acceptable, but could be improved."
66,27,2023-08-11,"The product exceeded my expectations, very happy with the purchase."
67,94,2024-04-11,"Excellent service, highly recommend!"
68,95,2024-07-22,"The product works fine, but took a long time to arrive."
69,78,2023-09-26,"Average quality, you get what you pay for."
70,88,2024-02-02,The item arrived damaged and customer service was unhelpful.
71,92,2024-04-30,"Terrible service, will not buy from here again."
72,59,2023-11-22,The item arrived damaged and customer service was unhelpful.
73,77,2024-05-27,"Poor quality, would not recommend."
74,57,2023-11-30,"Decent product, but there are better options available."
75,36,2024-07-19,"Excellent service, highly recommend!"
76,17,2024-01-01,The item arrived damaged and customer service was unhelpful.
77,31,2024-05-10,"The service was acceptable, but could be improved."
78,74,2024-07-01,"The product exceeded my expectations, very happy with the purchase."
79,59,2024-02-02,"Great product, very satisfied with the quality and performance."
80,95,2023-08-08,"Average quality, you get what you pay for."
81,79,2024-04-26,Fast delivery and the product works perfectly!
82,26,2023-12-14,"The service was acceptable, but could be improved."
83,4,2024-02-11,"The service was acceptable, but could be improved."
84,35,2024-03-09,"Terrible service, will not buy from here again."
85,87,2024-03-15,"The product works fine, but took a long time to arrive."
86,68,2023-11-02,"Excellent service, highly recommend!"
87,65,2024-04-22,"Decent product, but there are better options available."
88,52,2024-01-07,"The product works fine, but took a long time to arrive."
89,44,2024-02-19,Fast delivery and the product works perfectly!
90,80,2023-08-17,"Poor quality, would not recommend."
91,4,2023-10-20,The item arrived damaged and customer service was unhelpful.
92,63,2023-08-04,"Excellent service, highly recommend!"
93,79,2024-07-13,"The product broke after one use, very unhappy."
94,12,2024-05-12,"Decent product, but there are better options available."
95,19,2024-06-27,"Very disappointed with the product, not as described."
96,63,2023-11-01,"Decent product, but there are better options available."
97,64,2024-05-12,"Excellent service, highly recommend!"
98,93,2024-06-17,Fast delivery and the product works perfectly!
99,57,2024-02-27,"Average quality, you get what you pay for."
100,31,2023-09-22,"The product exceeded my expectations, very happy with the purchase."
101,40,,
102,74,2023-10-22,"The product broke after one use, very unhappy."
103,50,2023-11-18,"Terrible service, will not buy from here again."
104,3,2023-08-28,Fast delivery and the product works perfectly!
105,71,2023-09-10,Fast delivery and the product works perfectly!
106,60,2024-04-04,"Decent product, but there are better options available."
107,11,2024-07-26,"Excellent service, highly recommend!"
108,14,2023-12-22,"The service was acceptable, but could be improved."
109,74,2023-10-07,"Excellent service, highly recommend!"
110,80,2024-03-14,"Poor quality, would not recommend."
111,59,2024-06-17,"Very disappointed with the product, not as described."
112,88,2023-12-10,"Terrible service, will not buy from here again."
113,11,2023-10-31,"The product works fine, but took a long time to arrive."
114,52,2024-04-25,"The product exceeded my expectations, very happy with the purchase."
115,52,2024-01-29,"Excellent service, highly recommend!"
116,74,2023-10-28,"Terrible service, will not buy from here again."
117,22,2023-08-04,"The product is okay, nothing special."
118,86,2024-07-18,"Average quality, you get what you pay for."
119,53,2024-05-16,The item arrived damaged and customer service was unhelpful.
120,12,2024-03-19,"The product is okay, nothing special."
121,76,2023-10-30,"The product broke after one use, very unhappy."
122,33,2024-01-01,"The product is okay, nothing special."
123,70,2023-12-08,"Decent product, but there are better options available."
124,17,2023-08-08,"The product exceeded my expectations, very happy with the purchase."
125,8,2024-04-23,"Poor quality, would not recommend."
126,47,2023-10-19,"The product is okay, nothing special."
127,89,2024-03-13,"Amazing quality, will definitely buy again."
128,11,2024-05-30,"The product is okay, nothing special."
129,6,2024-06-07,"The service was acceptable, but could be improved."
130,63,2023-09-17,"Excellent service, highly recommend!"
131,11,2024-05-29,Fast delivery and the product works perfectly!
132,21,2023-09-04,"The service was acceptable, but could be improved."
133,71,2024-02-21,"The product broke after one use, very unhappy."
134,67,2023-08-29,"The product works fine, but took a long time to arrive."
135,44,2024-02-21,"Decent product, but there are better options available."
136,53,2024-01-31,"Average quality, you get what you pay for."
137,93,2024-01-16,"Excellent service, highly recommend!"
138,92,2024-03-25,"Average quality, you get what you pay for."
139,58,2023-09-05,"Terrible service, will not buy from here again."
140,15,2023-12-16,"Poor quality, would not recommend."
141,67,2024-02-09,"Amazing quality, will definitely buy again."
142,73,2023-08-17,"Amazing quality, will definitely buy again."
143,89,2024-07-28,"Terrible service, will not buy from here again."
144,78,2023-09-21,"Amazing quality, will definitely buy again."
145,95,2024-02-14,"Amazing quality, will definitely buy again."
146,24,2024-04-04,"Amazing quality, will definitely buy again."
147,32,2024-03-22,Fast delivery and the product works perfectly!
148,87,2024-05-09,"The product broke after one use, very unhappy."
149,49,2024-01-08,"The product works fine, but took a long time to arrive."
150,40,2024-05-09,"The product works fine, but took a long time to arrive."
151,76,,
152,62,2024-02-25,"Terrible service, will not buy from here again."
153,2,2024-04-03,"The product is okay, nothing special."
154,1,2024-06-21,"Decent product, but there are better options available."
155,86,2024-04-12,"The product broke after one use, very unhappy."
156,100,2024-01-01,"Poor quality, would not recommend."
157,62,2024-04-04,"Very disappointed with the product, not as described."
158,63,2024-07-24,Fast delivery and the product works perfectly!
159,95,2024-02-05,"Terrible service, will not buy from here again."
160,19,2023-12-29,"Very disappointed with the product, not as described."
161,10,2023-11-15,"Poor quality, would not recommend."
162,38,2024-03-23,"Terrible service, will not buy from here again."
163,79,2023-12-18,"The product exceeded my expectations, very happy with the purchase."
164,92,2024-05-30,Fast delivery and the product works perfectly!
165,48,2024-01-08,"Amazing quality, will definitely buy again."
166,74,2023-10-09,"Terrible service, will not buy from here again."
167,9,2024-02-05,"Terrible service, will not buy from here again."
168,88,2024-05-03,"Terrible service, will not buy from here again."
169,80,2024-05-22,"The product works fine, but took a long time to arrive."
170,30,2024-02-09,"Terrible service, will not buy from here again."
171,32,2023-09-08,"Average quality, you get what you pay for."
172,91,2024-02-20,"Great product, very satisfied with the quality and performance."
173,97,2024-06-18,"Amazing quality, will definitely buy again."
174,67,2024-01-07,"The product broke after one use, very unhappy."
175,37,2023-09-26,"The product broke after one use, very unhappy."
176,53,2024-06-22,"The product exceeded my expectations, very happy with the purchase."
177,24,2023-11-07,"Poor quality, would not recommend."
178,99,2024-04-03,Fast delivery and the product works perfectly!
179,61,2023-12-11,"The product exceeded my expectations, very happy with the purchase."
180,27,2023-08-08,"The product is okay, nothing special."
181,5,2023-08-31,"The product is okay, nothing special."
182,57,2023-08-17,"Decent product, but there are better options available."
183,97,2024-04-23,"The product exceeded my expectations, very happy with the purchase."
184,71,2024-05-15,"Poor quality, would not recommend."
185,87,2024-06-14,"Terrible service, will not buy from here again."
186,14,2024-05-20,"Very disappointed with the product, not as described."
187,41,2023-11-26,"Poor quality, would not recommend."
188,85,2023-08-06,"The product exceeded my expectations, very happy with the purchase."
189,95,2024-05-21,"The product broke after one use, very unhappy."
190,36,2024-04-12,"The product works fine, but took a long time to arrive."
191,43,2024-06-29,Fast delivery and the product works perfectly!
192,62,2023-12-06,"Amazing quality, will definitely buy again."
193,34,2023-11-18,"The service was acceptable, but could be improved."
194,19,2023-12-12,Fast delivery and the product works perfectly!
195,73,2024-03-13,"Decent product, but there are better options available."
196,48,2023-12-27,"The product is okay, nothing special."
197,78,2023-12-02,"Decent product, but there are better options available."
198,61,2023-12-09,"The product exceeded my expectations, very happy with the purchase."
199,50,2024-04-01,"Very disappointed with the product, not as described."
200,38,2024-06-19,Fast delivery and the product works perfectly!
201,6,,
202,14,2024-02-07,"Very disappointed with the product, not as described."
203,31,2024-04-05,"The product works fine, but took a long time to arrive."
204,96,2024-03-21,Fast delivery and the product works perfectly!
205,26,2023-12-07,"The product broke after one use, very unhappy."
206,69,2023-12-18,"The product exceeded my expectations, very happy with the purchase."
207,25,2024-02-21,"Decent product, but there are better options available."
208,4,2024-01-22,"Excellent service, highly recommend!"
209,74,2024-05-24,The item arrived damaged and customer service was unhelpful.
210,37,2024-04-19,"The product exceeded my expectations, very happy with the purchase."
211,68,2024-01-16,"The product exceeded my expectations, very happy with the purchase."
212,27,2023-09-01,"The product works fine, but took a long time to arrive."
213,89,2024-04-20,"Poor quality, would not recommend."
214,16,2023-08-02,"Average quality, you get what you pay for."
215,61,2024-01-01,"The product exceeded my expectations, very happy with the purchase."
216,75,2024-07-07,"Decent product, but there are better options available."
217,86,2023-12-07,"Terrible service, will not buy from here again."
218,93,2024-04-05,"Average quality, you get what you pay for."
219,12,2024-06-06,"The product exceeded my expectations, very happy with the purchase."
220,23,2023-12-23,"The product works fine, but took a long time to arrive."
221,95,2024-01-21,"Excellent service, highly recommend!"
222,31,2024-01-19,"Poor quality, would not recommend."
223,90,2023-12-03,"Decent product, but there are better options available."
224,34,2024-06-08,"The product is okay, nothing special."
225,36,2023-09-21,"The product broke after one use, very unhappy."
226,58,2024-05-30,"The product exceeded my expectations, very happy with the purchase."
227,83,2023-12-21,"The service was acceptable, but could be improved."
228,57,2023-10-28,"The product is okay, nothing special."
229,80,2024-01-02,Fast delivery and the product works perfectly!
230,48,2024-04-23,"Poor quality, would not recommend."
231,9,2023-08-11,"Great product, very satisfied with the quality and performance."
232,76,2024-01-24,"The product is okay, nothing special."
233,39,2024-05-14,"Poor quality, would not recommend."
234,42,2024-01-28,"The product exceeded my expectations, very happy with the purchase."
235,30,2024-03-13,"Average quality, you get what you pay for."
236,11,2023-08-15,"The service was acceptable, but could be improved."
237,24,2024-06-08,"The product works fine, but took a long time to arrive."
238,9,2023-10-06,"The product is okay, nothing special."
239,64,2023-12-14,"The product works fine, but took a long time to arrive."
240,69,2023-11-10,"The product broke after one use, very unhappy."
241,89,2024-03-07,"Amazing quality, will definitely buy again."
242,4,2023-09-09,"Very disappointed with the product, not as described."
243,88,2024-06-20,"Average quality, you get what you pay for."
244,19,2024-02-25,"The service was acceptable, but could be improved."
245,82,2024-03-07,"Amazing quality, will definitely buy again."
246,49,2024-01-16,"Great product, very satisfied with the quality and performance."
247,26,2024-05-23,"Amazing quality, will definitely buy again."
248,61,2024-02-02,"Terrible service, will not buy from here again."
249,66,2023-12-16,"The product exceeded my expectations, very happy with the purchase."
250,60,2024-01-19,"The product exceeded my expectations, very happy with the purchase."
251,26,,
252,42,2024-05-14,"Terrible service, will not buy from here again."
253,46,2024-05-25,"The product works fine, but took a long time to arrive."
254,47,2023-12-27,"Decent product, but there are better options available."
255,19,2024-02-22,"Terrible service, will not buy from here again."
256,29,2024-01-02,Fast delivery and the product works perfectly!
257,10,2024-04-01,"Amazing quality, will definitely buy again."
258,36,2023-09-07,"Excellent service, highly recommend!"
259,30,2023-08-21,"Amazing quality, will definitely buy again."
260,13,2024-07-03,"The product is okay, nothing special."
261,30,2024-03-02,"The product is okay, nothing special."
262,98,2024-04-03,"The service was acceptable, but could be improved."
263,52,2024-03-06,"The product exceeded my expectations, very happy with the purchase."
264,40,2023-10-08,"Excellent service, highly recommend!"
265,61,2024-04-22,Fast delivery and the product works perfectly!
266,27,2024-07-16,"The product broke after one use, very unhappy."
267,12,2023-11-19,"The product broke after one use, very unhappy."
268,66,2023-12-22,"The product exceeded my expectations, very happy with the purchase."
269,72,2024-07-10,Fast delivery and the product works perfectly!
270,35,2024-05-29,"Amazing quality, will definitely buy again."
271,78,2024-06-08,"The product broke after one use, very unhappy."
272,61,2024-07-08,"The product broke after one use, very unhappy."
273,98,2024-06-06,"Excellent service, highly recommend!"
274,79,2023-10-09,"Average quality, you get what you pay for."
275,58,2023-10-24,"The product broke after one use, very unhappy."
276,31,2024-05-24,Fast delivery and the product works perfectly!
277,21,2024-02-19,"The product works fine, but took a long time to arrive."
278,20,2024-01-20,The item arrived damaged and customer service was unhelpful.
279,5,2023-12-03,"Poor quality, would not recommend."
280,62,2023-09-13,"Very disappointed with the product, not as described."
281,29,2024-07-04,"Decent product, but there are better options available."
282,11,2023-10-18,"Excellent service, highly recommend!"
283,23,2024-06-24,Fast delivery and the product works perfectly!
284,22,2024-05-25,"The product is okay, nothing special."
285,73,2024-07-11,"The service was acceptable, but could be improved."
286,83,2024-03-18,"Great product, very satisfied with the quality and performance."
287,12,2024-07-21,"Average quality, you get what you pay for."
288,64,2023-12-30,"The product is okay, nothing special."
289,16,2024-02-11,"Great product, very satisfied with the quality and performance."
290,8,2023-10-08,"Poor quality, would not recommend."
291,22,2023-08-15,"Decent product, but there are better options available."
292,29,2024-06-09,"The product broke after one use, very unhappy."
293,83,2024-02-21,"Great product, very satisfied with the quality and performance."
294,73,2024-04-01,Fast delivery and the product works perfectly!
295,2,2023-09-15,"Great product, very satisfied with the quality and performance."
296,23,2024-05-03,"The product works fine, but took a long time to arrive."
297,19,2023-12-29,"Poor quality, would not recommend."
298,87,2024-02-29,"Terrible service, will not buy from here again."
299,30,2023-11-23,"Terrible service, will not buy from here again."
300,99,2024-04-05,"The product exceeded my expectations, very happy with the purchase."
301,84,,
302,9,2023-12-21,"Excellent service, highly recommend!"
303,47,2023-12-14,Fast delivery and the product works perfectly!
304,60,2024-02-26,"Great product, very satisfied with the quality and performance."
305,56,2024-01-18,"The product broke after one use, very unhappy."
306,3,2023-10-21,The item arrived damaged and customer service was unhelpful.
307,77,2023-08-22,"Amazing quality, will definitely buy again."
308,23,2023-10-05,"Average quality, you get what you pay for."
309,31,2023-11-09,"Terrible service, will not buy from here again."
310,42,2024-03-31,The item arrived damaged and customer service was unhelpful.
311,91,2024-06-07,The item arrived damaged and customer service was unhelpful.
312,85,2023-11-12,Fast delivery and the product works perfectly!
313,31,2023-11-08,"The product broke after one use, very unhappy."
314,8,2024-06-27,"Amazing quality, will definitely buy again."
315,51,2024-06-20,"The product is okay, nothing special."
316,48,2024-02-08,"The service was acceptable, but could be improved."
317,57,2024-05-02,"The product is okay, nothing special."
318,96,2024-03-15,"Terrible service, will not buy from here again."
319,50,2024-07-17,"The service was acceptable, but could be improved."
320,94,2024-04-20,"Very disappointed with the product, not as described."
321,21,2024-01-28,"Excellent service, highly recommend!"
322,39,2023-12-06,"The product broke after one use, very unhappy."
323,38,2024-05-07,"Great product, very satisfied with the quality and performance."
324,64,2023-11-30,"The product broke after one use, very unhappy."
325,26,2024-07-06,The item arrived damaged and customer service was unhelpful.
326,35,2024-04-13,"Very disappointed with the product, not as described."
327,73,2023-09-29,"Decent product, but there are better options available."
328,4,2023-10-19,"The product broke after one use, very unhappy."
329,34,2024-07-22,"Average quality, you get what you pay for."
330,39,2023-12-16,"The product works fine, but took a long time to arrive."
331,26,2024-06-12,"Average quality, you get what you pay for."
332,29,2023-08-14,"Great product, very satisfied with the quality and performance."
333,87,2024-05-26,"Amazing quality, will definitely buy again."
334,88,2023-08-29,"Average quality, you get what you pay for."
335,8,2023-11-19,"Excellent service, highly recommend!"
336,86,2024-03-05,"Terrible service, will not buy from here again."
337,55,2023-08-22,"The service was acceptable, but could be improved."
338,91,2023-11-29,"Great product, very satisfied with the quality and performance."
339,79,2023-12-30,"Great product, very satisfied with the quality and performance."
340,91,2023-12-05,"Poor quality, would not recommend."
341,90,2023-08-13,"Great product, very satisfied with the quality and performance."
342,59,2023-10-21,"Average quality, you get what you pay for."
343,36,2023-12-07,"The product broke after one use, very unhappy."
344,67,2024-01-14,"Terrible service, will not buy from here again."
345,7,2024-05-05,"Average quality, you get what you pay for."
346,79,2024-05-19,"Decent product, but there are better options available."
347,46,2023-09-14,The item arrived damaged and customer service was unhelpful.
348,75,2024-03-12,Fast delivery and the product works perfectly!
349,21,2024-01-18,Fast delivery and the product works perfectly!
350,90,2024-04-14,"The product broke after one use, very unhappy."
351,32,,
352,75,2024-05-22,The item arrived damaged and customer service was unhelpful.
353,76,2023-12-24,"Decent product, but there are better options available."
354,25,2023-08-31,"The product exceeded my expectations, very happy with the purchase."
355,33,2024-06-06,The item arrived damaged and customer service was unhelpful.
356,100,2024-02-03,"Great product, very satisfied with the quality and performance."
357,30,2024-05-04,"Very disappointed with the product, not as described."
358,94,2024-03-28,"Excellent service, highly recommend!"
359,41,2024-04-18,"Terrible service, will not buy from here again."
360,29,2023-10-22,The item arrived damaged and customer service was unhelpful.
361,8,2024-01-03,"Poor quality, would not recommend."
362,100,2024-05-13,"Very disappointed with the product, not as described."
363,49,2024-06-03,"Terrible service, will not buy from here again."
364,10,2024-05-06,"The product works fine, but took a long time to arrive."
365,37,2024-07-14,"Excellent service, highly recommend!"
366,6,2023-08-29,"Amazing quality, will definitely buy again."
367,28,2024-02-05,"Great product, very satisfied with the quality and performance."
368,100,2024-05-30,"The service was acceptable, but could be improved."
369,94,2023-10-23,"Great product, very satisfied with the quality and performance."
370,82,2024-04-10,"The product broke after one use, very unhappy."
371,16,2024-05-11,"Great product, very satisfied with the quality and performance."
372,6,2024-02-06,"Decent product, but there are better options available."
373,15,2024-01-21,"Excellent service, highly recommend!"
374,52,2023-11-26,"Very disappointed with the product, not as described."
375,35,2023-08-01,"Amazing quality, will definitely buy again."
376,94,2024-02-21,"Very disappointed with the product, not as described."
377,33,2024-01-23,"Decent product, but there are better options available."
378,82,2024-04-15,"Poor quality, would not recommend."
379,74,2024-03-26,"The product exceeded my expectations, very happy with the purchase."
380,22,2023-11-03,"The service was acceptable, but could be improved."
381,75,2024-02-06,"Decent product, but there are better options available."
382,32,2024-02-21,The item arrived damaged and customer service was unhelpful.
383,63,2024-03-26,The item arrived damaged and customer service was unhelpful.
384,29,2024-02-27,"The product broke after one use, very unhappy."
385,51,2023-08-17,Fast delivery and the product works perfectly!
386,8,2024-05-24,"The product broke after one use, very unhappy."
387,70,2024-02-04,"The product works fine, but took a long time to arrive."
388,21,2024-01-11,"The product exceeded my expectations, very happy with the purchase."
389,3,2023-10-24,"The product broke after one use, very unhappy."
390,67,2024-05-14,"The service was acceptable, but could be improved."
391,46,2023-10-01,"Terrible service, will not buy from here again."
392,46,2024-04-14,"Excellent service, highly recommend!"
393,88,2023-11-05,"Poor quality, would not recommend."
394,8,2023-08-03,"Very disappointed with the product, not as described."
395,65,2024-02-25,"The service was acceptable, but could be improved."
396,95,2024-05-18,"Terrible service, will not buy from here again."
397,26,2024-03-05,"The product broke after one use, very unhappy."
398,82,2024-05-17,"Average quality, you get what you pay for."
399,21,2023-12-06,"Amazing quality, will definitely buy again."
400,86,2023-12-30,"Great product, very satisfied with the quality and performance."
401,34,,
402,89,2024-07-29,Fast delivery and the product works perfectly!
403,92,2023-11-06,The item arrived damaged and customer service was unhelpful.
404,23,2024-07-12,"The product works fine, but took a long time to arrive."
405,82,2024-03-31,"Amazing quality, will definitely buy again."
406,94,2024-02-15,"Terrible service, will not buy from here again."
407,98,2024-07-01,The item arrived damaged and customer service was unhelpful.
408,82,2023-10-20,"The product works fine, but took a long time to arrive."
409,19,2023-12-24,"Poor quality, would not recommend."
410,48,2023-10-16,"Average quality, you get what you pay for."
411,31,2024-06-08,"The product exceeded my expectations, very happy with the purchase."
412,35,2024-07-15,"Poor quality, would not recommend."
413,96,2023-12-27,"Excellent service, highly recommend!"
414,87,2023-12-18,"Terrible service, will not buy from here again."
415,67,2024-05-29,"The product works fine, but took a long time to arrive."
416,72,2024-02-14,"Amazing quality, will definitely buy again."
417,63,2024-02-26,"The product broke after one use, very unhappy."
418,28,2024-06-27,"Amazing quality, will definitely buy again."
419,47,2023-09-24,"Terrible service, will not buy from here again."
420,84,2024-06-20,"The product broke after one use, very unhappy."
421,14,2024-02-16,"Poor quality, would not recommend."
422,90,2024-05-24,"Average quality, you get what you pay for."
423,59,2023-11-26,"Excellent service, highly recommend!"
424,29,2023-10-14,"The product is okay, nothing special."
425,84,2024-01-21,"Poor quality, would not recommend."
426,44,2023-10-24,"Terrible service, will not buy from here again."
427,10,2023-08-03,"Terrible service, will not buy from here again."
428,79,2024-06-12,"Terrible service, will not buy from here again."
429,20,2024-01-03,"The service was acceptable, but could be improved."
430,79,2024-01-20,"Great product, very satisfied with the quality and performance."
431,70,2023-11-19,"The product works fine, but took a long time to arrive."
432,60,2023-11-19,"The product broke after one use, very unhappy."
433,63,2024-03-15,The item arrived damaged and customer service was unhelpful.
434,68,2023-09-12,"Great product, very satisfied with the quality and performance."
435,10,2024-03-05,"Very disappointed with the product, not as described."
436,10,2023-09-20,"The product works fine, but took a long time to arrive."
437,53,2024-07-27,"The product exceeded my expectations, very happy with the purchase."
438,80,2024-03-22,"Excellent service, highly recommend!"
439,83,2024-05-26,"Terrible service, will not buy from here again."
440,86,2023-08-02,"Terrible service, will not buy from here again."
441,25,2023-11-11,"Terrible service, will not buy from here again."
442,54,2023-12-26,"Very disappointed with the product, not as described."
443,52,2023-11-07,"The product works fine, but took a long time to arrive."
444,45,2024-04-26,"Terrible service, will not buy from here again."
445,93,2024-06-13,"Terrible service, will not buy from here again."
446,54,2024-02-15,"The product is okay, nothing special."
447,5,2024-02-01,"The product works fine, but took a long time to arrive."
448,57,2024-07-15,"The service was acceptable, but could be improved."
449,11,2024-06-17,"Poor quality, would not recommend."
450,76,2023-12-21,"Great product, very satisfied with the quality and performance."
451,29,,
452,47,2023-08-14,"Poor quality, would not recommend."
453,29,2023-10-13,The item arrived damaged and customer service was unhelpful.
454,82,2024-07-10,"The product is okay, nothing special."
455,84,2023-11-15,"Amazing quality, will definitely buy again."
456,81,2023-12-18,The item arrived damaged and customer service was unhelpful.
457,20,2024-06-11,"Terrible service, will not buy from here again."
458,95,2024-05-08,"Terrible service, will not buy from here again."
459,96,2024-07-05,"Amazing quality, will definitely buy again."
460,73,2023-08-29,"Excellent service, highly recommend!"
461,59,2024-06-25,The item arrived damaged and customer service was unhelpful.
462,12,2024-02-21,"Very disappointed with the product, not as described."
463,79,2023-10-28,"Poor quality, would not recommend."
464,90,2024-03-19,"Amazing quality, will definitely buy again."
465,85,2023-09-24,"Average quality, you get what you pay for."
466,70,2024-05-23,"The service was acceptable, but could be improved."
467,59,2024-06-14,"The product works fine, but took a long time to arrive."
468,2,2024-07-26,"The service was acceptable, but could be improved."
469,88,2023-08-15,"Great product, very satisfied with the quality and performance."
470,62,2024-07-29,"Decent product, but there are better options available."
471,55,2024-06-22,"The product works fine, but took a long time to arrive."
472,76,2023-08-10,"The product exceeded my expectations, very happy with the purchase."
473,69,2023-08-24,"Terrible service, will not buy from here again."
474,56,2023-09-09,"The service was acceptable, but could be improved."
475,59,2023-12-12,The item arrived damaged and customer service was unhelpful.
476,56,2023-12-10,"Excellent service, highly recommend!"
477,9,2024-03-06,"Poor quality, would not recommend."
478,6,2024-01-19,"Terrible service, will not buy from here again."
479,32,2024-03-05,"Excellent service, highly recommend!"
480,60,2024-07-28,"Amazing quality, will definitely buy again."
481,71,2023-10-26,The item arrived damaged and customer service was unhelpful.
482,68,2024-01-12,"Very disappointed with the product, not as described."
483,78,2023-12-30,"Amazing quality, will definitely buy again."
484,1,2023-12-03,"The product works fine, but took a long time to arrive."
485,26,2023-08-17,"The product is okay, nothing special."
486,98,2024-02-19,Fast delivery and the product works perfectly!
487,68,2024-04-09,"The product broke after one use, very unhappy."
488,88,2023-09-02,"Average quality, you get what you pay for."
489,17,2023-08-05,"Decent product, but there are better options available."
490,72,2023-10-13,"Excellent service, highly recommend!"
491,77,2024-05-30,"The service was acceptable, but could be improved."
492,70,2023-08-31,"The product works fine, but took a long time to arrive."
493,22,2023-09-16,"Very disappointed with the product, not as described."
494,8,2024-07-05,"The service was acceptable, but could be improved."
495,80,2023-11-03,"Very disappointed with the product, not as described."
496,51,2023-11-03,"Great product, very satisfied with the quality and performance."
497,4,2023-10-27,"The product works fine, but took a long time to arrive."
498,52,2024-01-08,Fast delivery and the product works perfectly!
499,20,2023-11-11,"Great product, very satisfied with the quality and performance."
500,60,2024-01-24,"Amazing quality, will definitely buy again."
501,46,,
502,46,2024-02-02,"Great product, very satisfied with the quality and performance."
503,93,2023-10-31,"The product exceeded my expectations, very happy with the purchase."
504,1,2024-04-14,"Average quality, you get what you pay for."
505,8,2024-02-25,"The product exceeded my expectations, very happy with the purchase."
506,1,2024-04-21,The item arrived damaged and customer service was unhelpful.
507,65,2023-08-26,"Poor quality, would not recommend."
508,11,2024-02-21,Fast delivery and the product works perfectly!
509,51,2024-04-02,"Poor quality, would not recommend."
510,72,2023-11-26,"The product broke after one use, very unhappy."
511,2,2024-07-25,"The product is okay, nothing special."
512,90,2024-01-01,"Amazing quality, will definitely buy again."
513,52,2024-04-01,"The service was acceptable, but could be improved."
514,66,2024-06-19,The item arrived damaged and customer service was unhelpful.
515,53,2023-08-21,"The product is okay, nothing special."
516,46,2023-11-17,"The product exceeded my expectations, very happy with the purchase."
517,47,2023-12-29,"The product exceeded my expectations, very happy with the purchase."
518,46,2023-09-16,"Average quality, you get what you pay for."
519,60,2024-07-21,"The product exceeded my expectations, very happy with the purchase."
520,45,2024-02-01,Fast delivery and the product works perfectly!
521,50,2024-01-09,"Excellent service, highly recommend!"
522,82,2023-08-03,"Terrible service, will not buy from here again."
523,9,2024-04-10,"Excellent service, highly recommend!"
524,33,2023-12-03,"The product exceeded my expectations, very happy with the purchase."
525,7,2023-10-23,"Poor quality, would not recommend."
526,54,2024-01-31,"Very disappointed with the product, not as described."
527,17,2024-06-25,"Excellent service, highly recommend!"
528,53,2023-10-09,"Average quality, you get what you pay for."
529,68,2024-05-02,The item arrived damaged and customer service was unhelpful.
530,31,2023-11-15,"Amazing quality, will definitely buy again."
531,55,2024-07-02,Fast delivery and the product works perfectly!
532,69,2023-12-06,"The product is okay, nothing special."
533,87,2023-12-17,Fast delivery and the product works perfectly!
534,65,2023-10-14,"Terrible service, will not buy from here again."
535,16,2023-12-25,"Poor quality, would not recommend."
536,3,2024-03-22,"Great product, very satisfied with the quality and performance."
537,88,2023-11-21,"The product exceeded my expectations, very happy with the purchase."
538,27,2023-10-15,"The product exceeded my expectations, very happy with the purchase."
539,79,2024-06-24,"Poor quality, would not recommend."
540,62,2023-10-17,"Decent product, but there are better options available."
541,87,2024-05-01,"Very disappointed with the product, not as described."
542,57,2024-05-10,"The product broke after one use, very unhappy."
543,36,2024-05-15,The item arrived damaged and customer service was unhelpful.
544,41,2023-09-01,"The product is okay, nothing special."
545,76,2024-05-28,Fast delivery and the product works perfectly!
546,64,2023-11-26,"The service was acceptable, but could be improved."
547,82,2024-04-22,"Terrible service, will not buy from here again."
548,34,2023-10-05,The item arrived damaged and customer service was unhelpful.
549,43,2023-08-17,"Terrible service, will not buy from here again."
550,24,2024-06-12,"The product works fine, but took a long time to arrive."
551,28,,
552,2,2024-06-29,"The product broke after one use, very unhappy."
553,76,2023-10-23,"The product exceeded my expectations, very happy with the purchase."
554,45,2023-09-08,"The service was acceptable, but could be improved."
555,70,2024-03-11,"The service was acceptable, but could be improved."
556,4,2023-11-30,"The product broke after one use, very unhappy."
557,42,2024-07-23,The item arrived damaged and customer service was unhelpful.
558,14,2024-07-23,"Very disappointed with the product, not as described."
559,79,2024-02-28,"The product exceeded my expectations, very happy with the purchase."
560,67,2024-01-21,"Amazing quality, will definitely buy again."
561,24,2024-02-16,"The product broke after one use, very unhappy."
562,70,2023-12-31,"Poor quality, would not recommend."
563,30,2024-03-21,Fast delivery and the product works perfectly!
564,100,2023-12-10,"Poor quality, would not recommend."
565,60,2023-11-23,"The service was acceptable, but could be improved."
566,89,2024-05-22,"Great product, very satisfied with the quality and performance."
567,86,2024-05-21,Fast delivery and the product works perfectly!
568,65,2024-03-12,The item arrived damaged and customer service was unhelpful.
569,85,2024-03-11,"Poor quality, would not recommend."
570,85,2024-04-17,"The service was acceptable, but could be improved."
571,9,2023-09-13,"Terrible service, will not buy from here again."
572,97,2024-05-31,"Great product, very satisfied with the quality and performance."
573,65,2024-06-10,Fast delivery and the product works perfectly!
574,42,2024-04-03,"Decent product, but there are better options available."
575,70,2024-05-20,"Decent product, but there are better options available."
576,18,2023-11-08,"Terrible service, will not buy from here again."
577,52,2024-03-11,"Poor quality, would not recommend."
578,97,2023-10-23,"Poor quality, would not recommend."
579,44,2024-07-23,"Average quality, you get what you pay for."
580,34,2024-06-12,"Terrible service, will not buy from here again."
581,53,2024-04-15,"The product works fine, but took a long time to arrive."
582,55,2024-06-06,"Poor quality, would not recommend."
583,56,2024-02-04,Fast delivery and the product works perfectly!
584,47,2023-12-24,"The service was acceptable, but could be improved."
585,59,2023-08-20,"Poor quality, would not recommend."
586,10,2023-08-25,Fast delivery and the product works perfectly!
587,30,2023-12-11,"Excellent service, highly recommend!"
588,58,2023-12-08,"The product works fine, but took a long time to arrive."
589,95,2024-04-26,"Poor quality, would not recommend."
590,8,2024-02-26,"Average quality, you get what you pay for."
591,35,2024-02-11,The item arrived damaged and customer service was unhelpful.
592,13,2024-02-16,"The product broke after one use, very unhappy."
593,79,2023-08-13,"Average quality, you get what you pay for."
594,72,2024-03-11,Fast delivery and the product works perfectly!
595,61,2024-05-01,"The product is okay, nothing special."
596,45,2023-07-31,"The product exceeded my expectations, very happy with the purchase."
597,45,2023-09-27,"The product works fine, but took a long time to arrive."
598,98,2024-01-03,"The service was acceptable, but could be improved."
599,70,2024-02-15,The item arrived damaged and customer service was unhelpful.
600,53,2023-09-09,"The service was acceptable, but could be improved."
601,16,,
602,98,2023-11-03,The item arrived damaged and customer service was unhelpful.
603,77,2024-02-06,"The product exceeded my expectations, very happy with the purchase."
604,24,2023-11-20,"The product exceeded my expectations, very happy with the purchase."
605,94,2024-05-20,"The service was acceptable, but could be improved."
606,92,2024-03-25,"Amazing quality, will definitely buy again."
607,94,2024-05-03,"The product is okay, nothing special."
608,15,2023-10-03,"Decent product, but there are better options available."
609,21,2024-04-10,"Very disappointed with the product, not as described."
610,37,2024-05-07,"Average quality, you get what you pay for."
611,92,2024-03-12,"Decent product, but there are better options available."
612,89,2024-01-08,"Excellent service, highly recommend!"
613,65,2024-05-03,"The product is okay, nothing special."
614,75,2023-09-19,Fast delivery and the product works perfectly!
615,70,2024-03-24,"The product exceeded my expectations, very happy with the purchase."
616,21,2023-07-31,Fast delivery and the product works perfectly!
617,11,2023-10-05,"Decent product, but there are better options available."
618,8,2024-02-16,"Excellent service, highly recommend!"
619,46,2023-08-04,"Terrible service, will not buy from here again."
620,45,2023-12-08,The item arrived damaged and customer service was unhelpful.
621,24,2024-04-03,"Terrible service, will not buy from here again."
622,46,2023-09-21,"The service was acceptable, but could be improved."
623,12,2024-01-21,"Great product, very satisfied with the quality and performance."
624,54,2023-10-09,Fast delivery and the product works perfectly!
625,91,2024-06-29,"The product broke after one use, very unhappy."
626,15,2024-02-18,"Excellent service, highly recommend!"
627,22,2024-04-01,"The product works fine, but took a long time to arrive."
628,82,2023-09-13,Fast delivery and the product works perfectly!
629,90,2023-09-04,"The product works fine, but took a long time to arrive."
630,65,2023-08-18,"Poor quality, would not recommend."
631,54,2024-06-22,Fast delivery and the product works perfectly!
632,42,2023-08-14,"Average quality, you get what you pay for."
633,35,2024-06-23,"Poor quality, would not recommend."
634,10,2024-02-09,The item arrived damaged and customer service was unhelpful.
635,49,2023-10-15,"The product is okay, nothing special."
636,59,2024-04-30,"The product is okay, nothing special."
637,10,2023-08-20,"Excellent service, highly recommend!"
638,74,2023-10-19,"Excellent service, highly recommend!"
639,82,2024-05-26,"Terrible service, will not buy from here again."
640,74,2023-12-09,Fast delivery and the product works perfectly!
641,25,2023-09-16,"Decent product, but there are better options available."
642,76,2023-09-01,"Terrible service, will not buy from here again."
643,12,2023-09-20,"The service was acceptable, but could be improved."
644,69,2024-07-18,"Great product, very satisfied with the quality and performance."
645,86,2024-01-07,"Terrible service, will not buy from here again."
646,81,2024-07-15,"The product is okay, nothing special."
647,11,2024-02-08,"Average quality, you get what you pay for."
648,25,2023-10-04,"The product is okay, nothing special."
649,98,2023-11-04,"Excellent service, highly recommend!"
650,63,2024-02-02,"Great product, very satisfied with the quality and performance."
651,30,,
652,3,2024-03-03,"The product broke after one use, very unhappy."
653,16,2023-08-16,"The product exceeded my expectations, very happy with the purchase."
654,78,2024-01-11,"The product works fine, but took a long time to arrive."
655,63,2024-06-15,"The service was acceptable, but could be improved."
656,5,2023-09-21,"The product works fine, but took a long time to arrive."
657,70,2023-09-21,"The service was acceptable, but could be improved."
658,40,2024-05-18,"Excellent service, highly recommend!"
659,30,2024-03-18,"Great product, very satisfied with the quality and performance."
660,53,2024-06-30,"Excellent service, highly recommend!"
661,90,2024-02-18,"The service was acceptable, but could be improved."
662,51,2023-08-21,"The product exceeded my expectations, very happy with the purchase."
663,8,2023-11-05,"Average quality, you get what you pay for."
664,68,2024-02-05,"Decent product, but there are better options available."
665,37,2023-11-01,"The product works fine, but took a long time to arrive."
666,23,2024-05-03,"Decent product, but there are better options available."
667,85,2024-03-14,Fast delivery and the product works perfectly!
668,46,2024-01-01,"The product is okay, nothing special."
669,55,2024-07-06,"Very disappointed with the product, not as described."
670,63,2024-07-15,"Poor quality, would not recommend."
671,41,2024-01-09,"Amazing quality, will definitely buy again."
672,21,2024-01-25,"Amazing quality, will definitely buy again."
673,37,2024-02-29,"The service was acceptable, but could be improved."
674,53,2024-04-25,"The product is okay, nothing special."
675,44,2024-01-28,"Poor quality, would not recommend."
676,75,2023-12-19,"Amazing quality, will definitely buy again."
677,96,2023-11-06,"Excellent service, highly recommend!"
678,61,2024-06-15,"Poor quality, would not recommend."
679,78,2024-07-25,"The product exceeded my expectations, very happy with the purchase."
680,36,2024-06-07,"The product broke after one use, very unhappy."
681,53,2024-05-31,"Decent product, but there are better options available."
682,59,2023-11-21,"Great product, very satisfied with the quality and performance."
683,8,2023-09-12,"Amazing quality, will definitely buy again."
684,69,2024-02-13,"The product is okay, nothing special."
685,68,2024-04-22,"The product is okay, nothing special."
686,64,2024-01-21,"The product works fine, but took a long time to arrive."
687,53,2023-09-27,"The product is okay, nothing special."
688,54,2024-05-31,"Excellent service, highly recommend!"
689,31,2024-06-27,"Excellent service, highly recommend!"
690,31,2024-05-06,"Decent product, but there are better options available."
691,82,2023-08-05,Fast delivery and the product works perfectly!
692,4,2024-03-27,Fast delivery and the product works perfectly!
693,91,2024-04-04,"The product works fine, but took a long time to arrive."
694,75,2024-07-09,"The product works fine, but took a long time to arrive."
695,64,2024-05-14,"Amazing quality, will definitely buy again."
696,10,2024-01-24,"The product is okay, nothing special."
697,80,2024-01-14,"The product works fine, but took a long time to arrive."
698,28,2024-04-09,"Decent product, but there are better options available."
699,5,2024-03-28,"Terrible service, will not buy from here again."
700,75,2024-02-25,"The product broke after one use, very unhappy."
701,76,,
702,28,2023-08-25,"Decent product, but there are better options available."
703,86,2023-11-27,"Amazing quality, will definitely buy again."
704,78,2023-08-04,"Terrible service, will not buy from here again."
705,22,2024-03-28,"Amazing quality, will definitely buy again."
706,42,2023-10-31,"Very disappointed with the product, not as described."
707,51,2024-03-04,"The product is okay, nothing special."
708,9,2023-10-21,"Poor quality, would not recommend."
709,33,2023-10-28,"Average quality, you get what you pay for."
710,38,2024-05-14,"Terrible service, will not buy from here again."
711,40,2024-04-20,"Excellent service, highly recommend!"
712,86,2023-10-19,"The product exceeded my expectations, very happy with the purchase."
713,23,2023-08-04,The item arrived damaged and customer service was unhelpful.
714,97,2024-05-31,"Poor quality, would not recommend."
715,78,2024-03-29,"The product works fine, but took a long time to arrive."
716,98,2023-08-28,"The product works fine, but took a long time to arrive."
717,56,2023-09-15,"Very disappointed with the product, not as described."
718,34,2023-11-20,"Excellent service, highly recommend!"
719,47,2023-08-12,Fast delivery and the product works perfectly!
720,79,2024-02-22,"The product works fine, but took a long time to arrive."
721,93,2024-02-01,"Great product, very satisfied with the quality and performance."
722,82,2024-06-03,"The product works fine, but took a long time to arrive."
723,33,2024-06-02,"Amazing quality, will definitely buy again."
724,67,2024-06-13,"Terrible service, will not buy from here again."
725,86,2024-07-02,Fast delivery and the product works perfectly!
726,66,2023-10-12,"Decent product, but there are better options available."
727,5,2024-06-11,The item arrived damaged and customer service was unhelpful.
728,89,2024-06-21,The item arrived damaged and customer service was unhelpful.
729,90,2024-02-02,"Very disappointed with the product, not as described."
730,65,2024-01-05,"Great product, very satisfied with the quality and performance."
731,59,2024-06-05,"The product exceeded my expectations, very happy with the purchase."
732,32,2024-03-25,"Terrible service, will not buy from here again."
733,53,2023-08-21,"The product is okay, nothing special."
734,7,2023-08-09,"Terrible service, will not buy from here again."
735,87,2023-11-22,"Very disappointed with the product, not as described."
736,52,2023-09-17,Fast delivery and the product works perfectly!
737,64,2024-01-19,"The product exceeded my expectations, very happy with the purchase."
738,44,2024-05-04,Fast delivery and the product works perfectly!
739,74,2023-08-19,"The product is okay, nothing special."
740,57,2024-06-21,"Average quality, you get what you pay for."
741,100,2023-12-08,"The service was acceptable, but could be improved."
742,61,2024-03-03,"The product is okay, nothing special."
743,10,2023-09-21,"The service was acceptable, but could be improved."
744,72,2024-01-19,"Terrible service, will not buy from here again."
745,15,2023-12-15,"Decent product, but there are better options available."
746,47,2023-10-07,"Excellent service, highly recommend!"
747,29,2023-08-06,"The service was acceptable, but could be improved."
748,46,2024-02-07,"The product is okay, nothing special."
749,75,2023-09-12,"The product works fine, but took a long time to arrive."
750,94,2024-02-29,"Great product, very satisfied with the quality and performance."
751,56,,
752,30,2023-12-09,"Excellent service, highly recommend!"
753,69,2024-02-16,"Terrible service, will not buy from here again."
754,72,2024-03-18,"Poor quality, would not recommend."
755,95,2023-08-27,"Terrible service, will not buy from here again."
756,4,2023-11-06,"Decent product, but there are better options available."
757,46,2024-02-23,"The product is okay, nothing special."
758,61,2024-05-10,"Average quality, you get what you pay for."
759,9,2024-06-01,"The product is okay, nothing special."
760,56,2024-05-29,"The product is okay, nothing special."
761,79,2023-08-06,"Amazing quality, will definitely buy again."
762,87,2023-08-03,"Decent product, but there are better options available."
763,79,2024-03-29,"Very disappointed with the product, not as described."
764,73,2024-07-26,"The service was acceptable, but could be improved."
765,12,2024-04-29,"The product is okay, nothing special."
766,48,2024-01-26,"Great product, very satisfied with the quality and performance."
767,36,2024-07-20,"Great product, very satisfied with the quality and performance."
768,89,2024-03-14,The item arrived damaged and customer service was unhelpful.
769,76,2023-08-22,"Very disappointed with the product, not as described."
770,82,2023-07-31,The item arrived damaged and customer service was unhelpful.
771,56,2024-05-23,"Amazing quality, will definitely buy again."
772,93,2023-08-06,"The product is okay, nothing special."
773,18,2024-03-09,"Poor quality, would not recommend."
774,69,2024-02-24,"Poor quality, would not recommend."
775,71,2023-10-14,"Poor quality, would not recommend."
776,6,2024-05-05,Fast delivery and the product works perfectly!
777,46,2023-12-21,"Decent product, but there are better options available."
778,13,2024-03-20,The item arrived damaged and customer service was unhelpful.
779,49,2023-09-03,"Excellent service, highly recommend!"
780,3,2024-03-04,"The service was acceptable, but could be improved."
781,16,2024-01-11,"Very disappointed with the product, not as described."
782,78,2023-12-03,The item arrived damaged and customer service was unhelpful.
783,50,2024-01-22,"Terrible service, will not buy from here again."
784,62,2024-02-22,"Very disappointed with the product, not as described."
785,30,2024-03-06,"Very disappointed with the product, not as described."
786,9,2023-10-04,"Amazing quality, will definitely buy again."
787,16,2024-03-30,"Decent product, but there are better options available."
788,19,2024-06-08,"The product exceeded my expectations, very happy with the purchase."
789,52,2024-02-27,"The product broke after one use, very unhappy."
790,67,2023-09-13,"The product broke after one use, very unhappy."
791,76,2024-02-05,"The service was acceptable, but could be improved."
792,43,2023-12-28,"The product exceeded my expectations, very happy with the purchase."
793,31,2024-03-26,"The service was acceptable, but could be improved."
794,93,2024-01-14,"Terrible service, will not buy from here again."
795,74,2024-01-29,"The product exceeded my expectations, very happy with the purchase."
796,38,2023-10-22,"Amazing quality, will definitely buy again."
797,28,2024-07-01,"Amazing quality, will definitely buy again."
798,16,2024-01-04,"Average quality, you get what you pay for."
799,50,2023-07-31,"The product works fine, but took a long time to arrive."
800,4,2023-08-17,"Great product, very satisfied with the quality and performance."
801,51,,
802,25,2023-08-19,"Amazing quality, will definitely buy again."
803,1,2024-03-11,"The product broke after one use, very unhappy."
804,83,2024-02-17,"The service was acceptable, but could be improved."
805,27,2023-07-31,"The service was acceptable, but could be improved."
806,28,2023-08-09,The item arrived damaged and customer service was unhelpful.
807,68,2023-08-20,"Decent product, but there are better options available."
808,89,2024-07-30,"Poor quality, would not recommend."
809,67,2024-01-25,"Decent product, but there are better options available."
810,68,2023-09-25,The item arrived damaged and customer service was unhelpful.
811,40,2024-03-08,"The service was acceptable, but could be improved."
812,8,2024-02-08,"Amazing quality, will definitely buy again."
813,83,2023-10-27,"Excellent service, highly recommend!"
814,86,2023-10-04,"Terrible service, will not buy from here again."
815,94,2024-04-20,"The product works fine, but took a long time to arrive."
816,71,2023-09-29,"Terrible service, will not buy from here again."
817,86,2024-04-06,Fast delivery and the product works perfectly!
818,31,2023-11-24,"Excellent service, highly recommend!"
819,5,2023-10-21,Fast delivery and the product works perfectly!
820,41,2024-04-06,"Decent product, but there are better options available."
821,22,2024-04-25,The item arrived damaged and customer service was unhelpful.
822,49,2024-05-30,The item arrived damaged and customer service was unhelpful.
823,10,2024-06-20,"Amazing quality, will definitely buy again."
824,52,2023-12-22,"Very disappointed with the product, not as described."
825,10,2023-09-17,"The service was acceptable, but could be improved."
826,76,2023-10-03,"Very disappointed with the product, not as described."
827,32,2023-08-19,"Great product, very satisfied with the quality and performance."
828,44,2023-10-06,"Excellent service, highly recommend!"
829,40,2023-11-11,"Excellent service, highly recommend!"
830,54,2023-08-16,"The product exceeded my expectations, very happy with the purchase."
831,28,2023-10-20,"Very disappointed with the product, not as described."
832,7,2023-08-31,"Excellent service, highly recommend!"
833,52,2023-11-23,"Decent product, but there are better options available."
834,92,2024-07-19,"Excellent service, highly recommend!"
835,60,2024-01-15,"Very disappointed with the product, not as described."
836,33,2023-08-02,"The product broke after one use, very unhappy."
837,84,2023-12-02,"Terrible service, will not buy from here again."
838,60,2024-05-19,"Great product, very satisfied with the quality and performance."
839,58,2023-10-17,Fast delivery and the product works perfectly!
840,56,2024-02-03,"The product works fine, but took a long time to arrive."
841,72,2023-09-26,"The service was acceptable, but could be improved."
842,26,2023-10-20,"Great product, very satisfied with the quality and performance."
843,61,2024-07-22,Fast delivery and the product works perfectly!
844,90,2024-03-30,"Decent product, but there are better options available."
845,79,2023-08-20,"Terrible service, will not buy from here again."
846,24,2024-04-05,"The product broke after one use, very unhappy."
847,5,2024-03-11,"The product exceeded my expectations, very happy with the purchase."
848,76,2023-11-06,"The service was acceptable, but could be improved."
849,7,2024-02-01,"The product works fine, but took a long time to arrive."
850,4,2024-01-08,"Amazing quality, will definitely buy again."
851,16,,
852,85,2024-07-06,"Decent product, but there are better options available."
853,89,2024-05-06,"Average quality, you get what you pay for."
854,8,2023-12-22,"Amazing quality, will definitely buy again."
855,4,2024-04-17,"Amazing quality, will definitely buy again."
856,45,2024-05-28,"Average quality, you get what you pay for."
857,44,2023-10-03,The item arrived damaged and customer service was unhelpful.
858,61,2023-08-30,"The service was acceptable, but could be improved."
859,33,2023-09-05,The item arrived damaged and customer service was unhelpful.
860,72,2024-04-21,"The product exceeded my expectations, very happy with the purchase."
861,35,2024-06-17,"Terrible service, will not buy from here again."
862,84,2023-12-01,"The product works fine, but took a long time to arrive."
863,90,2023-11-06,"The product is okay, nothing special."
864,81,2024-07-18,"Poor quality, would not recommend."
865,5,2024-07-29,"Very disappointed with the product, not as described."
866,48,2024-05-08,"Decent product, but there are better options available."
867,42,2023-12-17,The item arrived damaged and customer service was unhelpful.
868,61,2024-01-14,The item arrived damaged and customer service was unhelpful.
869,22,2024-03-24,"Excellent service, highly recommend!"
870,10,2024-07-18,"Poor quality, would not recommend."
871,41,2024-02-29,"The product broke after one use, very unhappy."
872,53,2023-08-09,"Average quality, you get what you pay for."
873,50,2023-11-21,"Great product, very satisfied with the quality and performance."
874,2,2023-12-18,"Terrible service, will not buy from here again."
875,68,2023-09-07,"Great product, very satisfied with the quality and performance."
876,38,2023-09-11,Fast delivery and the product works perfectly!
877,53,2024-05-11,"Amazing quality, will definitely buy again."
878,62,2024-06-25,The item arrived damaged and customer service was unhelpful.
879,48,2023-12-11,"The service was acceptable, but could be improved."
880,72,2023-08-22,"Excellent service, highly recommend!"
881,33,2023-08-20,"Poor quality, would not recommend."
882,61,2023-11-21,The item arrived damaged and customer service was unhelpful.
883,5,2023-09-29,Fast delivery and the product works perfectly!
884,100,2024-01-23,"Poor quality, would not recommend."
885,54,2023-12-20,"Excellent service, highly recommend!"
886,51,2024-02-04,"Decent product, but there are better options available."
887,54,2023-10-19,"The product works fine, but took a long time to arrive."
888,82,2023-12-12,Fast delivery and the product works perfectly!
889,6,2024-03-05,"Poor quality, would not recommend."
890,46,2024-04-05,"The product broke after one use, very unhappy."
891,62,2024-06-19,"Average quality, you get what you pay for."
892,27,2023-08-13,"Amazing quality, will definitely buy again."
893,16,2024-04-05,"The product is okay, nothing special."
894,100,2023-09-14,"Decent product, but there are better options available."
895,92,2023-09-19,The item arrived damaged and customer service was unhelpful.
896,42,2023-10-08,"The service was acceptable, but could be improved."
897,29,2023-12-23,"Great product, very satisfied with the quality and performance."
898,99,2024-04-10,The item arrived damaged and customer service was unhelpful.
899,20,2023-11-23,"Great product, very satisfied with the quality and performance."
900,18,2024-07-16,The item arrived damaged and customer service was unhelpful.
901,86,,
902,60,2024-07-12,"Excellent service, highly recommend!"
903,8,2024-04-24,"Very disappointed with the product, not as described."
904,53,2023-12-22,"Poor quality, would not recommend."
905,50,2024-06-23,"The product is okay, nothing special."
906,78,2024-04-16,Fast delivery and the product works perfectly!
907,99,2024-07-16,"The product works fine, but took a long time to arrive."
908,84,2023-09-24,"The product works fine, but took a long time to arrive."
909,81,2023-11-01,The item arrived damaged and customer service was unhelpful.
910,58,2023-12-18,"Very disappointed with the product, not as described."
911,29,2024-01-28,"The product is okay, nothing special."
912,28,2024-01-24,The item arrived damaged and customer service was unhelpful.
913,29,2024-06-30,"The product works fine, but took a long time to arrive."
914,27,2023-11-24,"Excellent service, highly recommend!"
915,54,2024-05-05,"Decent product, but there are better options available."
916,48,2024-01-07,"The product is okay, nothing special."
917,1,2023-10-14,"The product is okay, nothing special."
918,31,2024-06-15,"Terrible service, will not buy from here again."
919,54,2023-12-11,"The product broke after one use, very unhappy."
920,13,2024-04-15,"Excellent service, highly recommend!"
921,97,2024-01-07,"Excellent service, highly recommend!"
922,61,2024-06-13,"Average quality, you get what you pay for."
923,83,2024-07-05,"The product broke after one use, very unhappy."
924,25,2024-05-30,Fast delivery and the product works perfectly!
925,19,2023-09-29,The item arrived damaged and customer service was unhelpful.
926,34,2024-04-16,"The product works fine, but took a long time to arrive."
927,49,2024-03-19,"Very disappointed with the product, not as described."
928,59,2023-12-31,"Amazing quality, will definitely buy again."
929,29,2024-05-07,"The product exceeded my expectations, very happy with the purchase."
930,29,2024-04-07,"Decent product, but there are better options available."
931,19,2023-11-17,"Great product, very satisfied with the quality and performance."
932,6,2023-08-19,"Decent product, but there are better options available."
933,91,2024-07-09,"The product works fine, but took a long time to arrive."
934,61,2024-01-14,"Great product, very satisfied with the quality and performance."
935,90,2024-05-20,Fast delivery and the product works perfectly!
936,95,2023-09-24,"Great product, very satisfied with the quality and performance."
937,8,2024-06-15,"Average quality, you get what you pay for."
938,82,2023-10-10,Fast delivery and the product works perfectly!
939,96,2023-12-04,The item arrived damaged and customer service was unhelpful.
940,72,2024-02-27,"The service was acceptable, but could be improved."
941,47,2024-02-11,"The product works fine, but took a long time to arrive."
942,18,2024-04-26,"Poor quality, would not recommend."
943,68,2024-05-01,"Average quality, you get what you pay for."
944,94,2023-10-14,"The product works fine, but took a long time to arrive."
945,14,2023-08-04,"The product exceeded my expectations, very happy with the purchase."
946,1,2023-08-04,"The product broke after one use, very unhappy."
947,55,2023-10-13,"Excellent service, highly recommend!"
948,5,2023-11-14,Fast delivery and the product works perfectly!
949,9,2024-06-20,"The product works fine, but took a long time to arrive."
950,40,2024-01-20,The item arrived damaged and customer service was unhelpful.
951,16,,
952,57,2024-01-25,"The product broke after one use, very unhappy."
953,62,2023-09-17,"The product works fine, but took a long time to arrive."
954,99,2024-07-06,"The product works fine, but took a long time to arrive."
955,17,2023-10-05,"Great product, very satisfied with the quality and performance."
956,55,2023-08-23,"The product is okay, nothing special."
957,33,2024-04-27,The item arrived damaged and customer service was unhelpful.
958,86,2024-03-25,"Terrible service, will not buy from here again."
959,73,2023-10-28,"The product is okay, nothing special."
960,68,2024-03-16,"The product is okay, nothing special."
961,69,2024-06-07,"Average quality, you get what you pay for."
962,65,2023-10-31,"Decent product, but there are better options available."
963,1,2024-01-07,"The product is okay, nothing special."
964,38,2024-03-04,"Great product, very satisfied with the quality and performance."
965,65,2023-12-13,"The product exceeded my expectations, very happy with the purchase."
966,48,2024-05-16,"The product works fine, but took a long time to arrive."
967,36,2023-10-01,Fast delivery and the product works perfectly!
968,8,2024-02-12,"The product works fine, but took a long time to arrive."
969,74,2024-03-08,Fast delivery and the product works perfectly!
970,92,2024-06-30,"Decent product, but there are better options available."
971,34,2023-12-03,"The product exceeded my expectations, very happy with the purchase."
972,6,2024-07-21,"Great product, very satisfied with the quality and performance."
973,24,2024-06-09,"Great product, very satisfied with the quality and performance."
974,97,2024-07-16,"Average quality, you get what you pay for."
975,30,2024-04-08,"Decent product, but there are better options available."
976,30,2024-03-28,"Amazing quality, will definitely buy again."
977,95,2023-12-24,"The product is okay, nothing special."
978,11,2023-11-01,"Average quality, you get what you pay for."
979,37,2023-09-20,"The service was acceptable, but could be improved."
980,45,2023-12-29,"Poor quality, would not recommend."
981,45,2023-10-14,"Decent product, but there are better options available."
982,2,2023-09-28,"Terrible service, will not buy from here again."
983,32,2024-01-20,"Great product, very satisfied with the quality and performance."
984,52,2024-06-23,"The product broke after one use, very unhappy."
985,69,2024-05-20,"Terrible service, will not buy from here again."
986,65,2024-01-13,"The product exceeded my expectations, very happy with the purchase."
987,52,2024-04-19,"The product works fine, but took a long time to arrive."
988,89,2024-04-18,"The product is okay, nothing special."
989,23,2024-07-07,"The service was acceptable, but could be improved."
990,87,2024-05-27,"Terrible service, will not buy from here again."
991,17,2024-03-29,The item arrived damaged and customer service was unhelpful.
992,51,2024-05-04,"The product exceeded my expectations, very happy with the purchase."
993,56,2024-07-27,"Excellent service, highly recommend!"
994,31,2024-02-24,"The product is okay, nothing special."
995,39,2023-08-26,"Poor quality, would not recommend."
996,44,2023-10-09,"The product is okay, nothing special."
997,57,2024-03-13,"The product works fine, but took a long time to arrive."
998,17,2024-05-26,"Decent product, but there are better options available."
999,99,2024-06-24,"Decent product, but there are better options available."
1000,32,2023-11-03,"Decent product, but there are better options available."
1,74,,
2,2,2023-10-16,"Terrible service, will not buy from here again."
3,44,2023-12-08,"Average quality, you get what you pay for."
4,6,2024-06-08,"Great product, very satisfied with the quality and performance."
5,46,2024-07-30,"Very disappointed with the product, not as described."
6,43,2023-11-16,"Excellent service, highly recommend!"
7,18,2023-10-20,The item arrived damaged and customer service was unhelpful.
8,8,2024-03-09,Fast delivery and the product works perfectly!
9,57,2023-12-19,The item arrived damaged and customer service was unhelpful.
10,65,2024-01-13,"The service was acceptable, but could be improved."
